Tempo;Pressao;Temperatura
0;0;100.82
30;0.024774;133.23
45;0.054309;133.28
65;0.10925;133.32
100;0.24135;133.35
150;0.48603;133.29
210;0.81564;133.02
260;10.746;132.8
290;1.207;132.67
295;12.267;132.64
300;12.457;132.62
